{
  "patch_id": 0,
  "dim": 1,
  "num_nodes": 67,
  "num_elems": 64,
  "is_rational": false,
  "nodes": [
    [ 9.75782e-18, 0, 0, 1 ], 
    [ 0.00520833, 0, 0, 1 ], 
    [ 0.015625, 0, 0, 1 ], 
    [ 0.03125, 0, 0, 1 ], 
    [ 0.046875, 0, 0, 1 ], 
    [ 0.0625, 0, 0, 1 ], 
    [ 0.078125, 0, 0, 1 ], 
    [ 0.09375, 0, 0, 1 ], 
    [ 0.109375, 0, 0, 1 ], 
    [ 0.125, 0, 0, 1 ], 
    [ 0.140625, 0, 0, 1 ], 
    [ 0.15625, 0, 0, 1 ], 
    [ 0.171875, 0, 0, 1 ], 
    [ 0.1875, 0, 0, 1 ], 
    [ 0.203125, 0, 0, 1 ], 
    [ 0.21875, 0, 0, 1 ], 
    [ 0.234375, 0, 0, 1 ], 
    [ 0.25, 0, 0, 1 ], 
    [ 0.265625, 0, 0, 1 ], 
    [ 0.28125, 0, 0, 1 ], 
    [ 0.296875, 0, 0, 1 ], 
    [ 0.3125, 0, 0, 1 ], 
    [ 0.328125, 0, 0, 1 ], 
    [ 0.34375, 0, 0, 1 ], 
    [ 0.359375, 0, 0, 1 ], 
    [ 0.375, 0, 0, 1 ], 
    [ 0.390625, 0, 0, 1 ], 
    [ 0.40625, 0, 0, 1 ], 
    [ 0.421875, 0, 0, 1 ], 
    [ 0.4375, 0, 0, 1 ], 
    [ 0.453125, 0, 0, 1 ], 
    [ 0.46875, 0, 0, 1 ], 
    [ 0.484375, 0, 0, 1 ], 
    [ 0.5, 0, 0, 1 ], 
    [ 0.515625, 0, 0, 1 ], 
    [ 0.53125, 0, 0, 1 ], 
    [ 0.546875, 0, 0, 1 ], 
    [ 0.5625, 0, 0, 1 ], 
    [ 0.578125, 0, 0, 1 ], 
    [ 0.59375, 0, 0, 1 ], 
    [ 0.609375, 0, 0, 1 ], 
    [ 0.625, 0, 0, 1 ], 
    [ 0.640625, 0, 0, 1 ], 
    [ 0.65625, 0, 0, 1 ], 
    [ 0.671875, 0, 0, 1 ], 
    [ 0.6875, 0, 0, 1 ], 
    [ 0.703125, 0, 0, 1 ], 
    [ 0.71875, 0, 0, 1 ], 
    [ 0.734375, 0, 0, 1 ], 
    [ 0.75, 0, 0, 1 ], 
    [ 0.765625, 0, 0, 1 ], 
    [ 0.78125, 0, 0, 1 ], 
    [ 0.796875, 0, 0, 1 ], 
    [ 0.8125, 0, 0, 1 ], 
    [ 0.828125, 0, 0, 1 ], 
    [ 0.84375, 0, 0, 1 ], 
    [ 0.859375, 0, 0, 1 ], 
    [ 0.875, 0, 0, 1 ], 
    [ 0.890625, 0, 0, 1 ], 
    [ 0.90625, 0, 0, 1 ], 
    [ 0.921875, 0, 0, 1 ], 
    [ 0.9375, 0, 0, 1 ], 
    [ 0.953125, 0, 0, 1 ], 
    [ 0.96875, 0, 0, 1 ], 
    [ 0.984375, 0, 0, 1 ], 
    [ 0.994792, 0, 0, 1 ], 
    [ 1, 0, 0, 1 ]
  ],
  "elements": {
    "num_elem_blocks": 1,
    "element_block_info": [ {
      "element_type": "Cube",
      "num_elems": 64,
      "num_nodes": 4,
      "num_coefficient_vectors": 4,
      "deg_s": 3,
      "deg_t": -1,
      "deg_u": -1
    } ],
    "element_blocks": [ {
      "node_ids": [ 48, 49, 50, 51 ],
      "coeff_vector_ids": [ 5, 12, 7, 0 ]
    },
    {
      "node_ids": [ 33, 34, 35, 36 ],
      "coeff_vector_ids": [ 5, 12, 7, 0 ]
    },
    {
      "node_ids": [ 34, 35, 36, 37 ],
      "coeff_vector_ids": [ 5, 12, 7, 0 ]
    },
    {
      "node_ids": [ 35, 36, 37, 38 ],
      "coeff_vector_ids": [ 5, 12, 7, 0 ]
    },
    {
      "node_ids": [ 36, 37, 38, 39 ],
      "coeff_vector_ids": [ 5, 12, 7, 0 ]
    },
    {
      "node_ids": [ 37, 38, 39, 40 ],
      "coeff_vector_ids": [ 5, 12, 7, 0 ]
    },
    {
      "node_ids": [ 38, 39, 40, 41 ],
      "coeff_vector_ids": [ 5, 12, 7, 0 ]
    },
    {
      "node_ids": [ 39, 40, 41, 42 ],
      "coeff_vector_ids": [ 5, 12, 7, 0 ]
    },
    {
      "node_ids": [ 40, 41, 42, 43 ],
      "coeff_vector_ids": [ 5, 12, 7, 0 ]
    },
    {
      "node_ids": [ 41, 42, 43, 44 ],
      "coeff_vector_ids": [ 5, 12, 7, 0 ]
    },
    {
      "node_ids": [ 42, 43, 44, 45 ],
      "coeff_vector_ids": [ 5, 12, 7, 0 ]
    },
    {
      "node_ids": [ 43, 44, 45, 46 ],
      "coeff_vector_ids": [ 5, 12, 7, 0 ]
    },
    {
      "node_ids": [ 44, 45, 46, 47 ],
      "coeff_vector_ids": [ 5, 12, 7, 0 ]
    },
    {
      "node_ids": [ 45, 46, 47, 48 ],
      "coeff_vector_ids": [ 5, 12, 7, 0 ]
    },
    {
      "node_ids": [ 46, 47, 48, 49 ],
      "coeff_vector_ids": [ 5, 12, 7, 0 ]
    },
    {
      "node_ids": [ 47, 48, 49, 50 ],
      "coeff_vector_ids": [ 5, 12, 7, 0 ]
    },
    {
      "node_ids": [ 32, 33, 34, 35 ],
      "coeff_vector_ids": [ 5, 12, 7, 0 ]
    },
    {
      "node_ids": [ 49, 50, 51, 52 ],
      "coeff_vector_ids": [ 5, 12, 7, 0 ]
    },
    {
      "node_ids": [ 50, 51, 52, 53 ],
      "coeff_vector_ids": [ 5, 12, 7, 0 ]
    },
    {
      "node_ids": [ 51, 52, 53, 54 ],
      "coeff_vector_ids": [ 5, 12, 7, 0 ]
    },
    {
      "node_ids": [ 52, 53, 54, 55 ],
      "coeff_vector_ids": [ 5, 12, 7, 0 ]
    },
    {
      "node_ids": [ 53, 54, 55, 56 ],
      "coeff_vector_ids": [ 5, 12, 7, 0 ]
    },
    {
      "node_ids": [ 54, 55, 56, 57 ],
      "coeff_vector_ids": [ 5, 12, 7, 0 ]
    },
    {
      "node_ids": [ 55, 56, 57, 58 ],
      "coeff_vector_ids": [ 5, 12, 7, 0 ]
    },
    {
      "node_ids": [ 56, 57, 58, 59 ],
      "coeff_vector_ids": [ 5, 12, 7, 0 ]
    },
    {
      "node_ids": [ 57, 58, 59, 60 ],
      "coeff_vector_ids": [ 5, 12, 7, 0 ]
    },
    {
      "node_ids": [ 58, 59, 60, 61 ],
      "coeff_vector_ids": [ 5, 12, 7, 0 ]
    },
    {
      "node_ids": [ 59, 60, 61, 62 ],
      "coeff_vector_ids": [ 5, 12, 7, 0 ]
    },
    {
      "node_ids": [ 60, 61, 62, 63 ],
      "coeff_vector_ids": [ 5, 12, 7, 0 ]
    },
    {
      "node_ids": [ 61, 62, 63, 64 ],
      "coeff_vector_ids": [ 5, 12, 7, 0 ]
    },
    {
      "node_ids": [ 62, 63, 64, 65 ],
      "coeff_vector_ids": [ 5, 12, 6, 1 ]
    },
    {
      "node_ids": [ 63, 64, 65, 66 ],
      "coeff_vector_ids": [ 5, 10, 9, 2 ]
    },
    {
      "node_ids": [ 16, 17, 18, 19 ],
      "coeff_vector_ids": [ 5, 12, 7, 0 ]
    },
    {
      "node_ids": [ 1, 2, 3, 4 ],
      "coeff_vector_ids": [ 8, 11, 7, 0 ]
    },
    {
      "node_ids": [ 2, 3, 4, 5 ],
      "coeff_vector_ids": [ 5, 12, 7, 0 ]
    },
    {
      "node_ids": [ 3, 4, 5, 6 ],
      "coeff_vector_ids": [ 5, 12, 7, 0 ]
    },
    {
      "node_ids": [ 4, 5, 6, 7 ],
      "coeff_vector_ids": [ 5, 12, 7, 0 ]
    },
    {
      "node_ids": [ 5, 6, 7, 8 ],
      "coeff_vector_ids": [ 5, 12, 7, 0 ]
    },
    {
      "node_ids": [ 6, 7, 8, 9 ],
      "coeff_vector_ids": [ 5, 12, 7, 0 ]
    },
    {
      "node_ids": [ 7, 8, 9, 10 ],
      "coeff_vector_ids": [ 5, 12, 7, 0 ]
    },
    {
      "node_ids": [ 8, 9, 10, 11 ],
      "coeff_vector_ids": [ 5, 12, 7, 0 ]
    },
    {
      "node_ids": [ 9, 10, 11, 12 ],
      "coeff_vector_ids": [ 5, 12, 7, 0 ]
    },
    {
      "node_ids": [ 10, 11, 12, 13 ],
      "coeff_vector_ids": [ 5, 12, 7, 0 ]
    },
    {
      "node_ids": [ 11, 12, 13, 14 ],
      "coeff_vector_ids": [ 5, 12, 7, 0 ]
    },
    {
      "node_ids": [ 12, 13, 14, 15 ],
      "coeff_vector_ids": [ 5, 12, 7, 0 ]
    },
    {
      "node_ids": [ 13, 14, 15, 16 ],
      "coeff_vector_ids": [ 5, 12, 7, 0 ]
    },
    {
      "node_ids": [ 14, 15, 16, 17 ],
      "coeff_vector_ids": [ 5, 12, 7, 0 ]
    },
    {
      "node_ids": [ 15, 16, 17, 18 ],
      "coeff_vector_ids": [ 5, 12, 7, 0 ]
    },
    {
      "node_ids": [ 0, 1, 2, 3 ],
      "coeff_vector_ids": [ 13, 4, 3, 0 ]
    },
    {
      "node_ids": [ 17, 18, 19, 20 ],
      "coeff_vector_ids": [ 5, 12, 7, 0 ]
    },
    {
      "node_ids": [ 18, 19, 20, 21 ],
      "coeff_vector_ids": [ 5, 12, 7, 0 ]
    },
    {
      "node_ids": [ 19, 20, 21, 22 ],
      "coeff_vector_ids": [ 5, 12, 7, 0 ]
    },
    {
      "node_ids": [ 20, 21, 22, 23 ],
      "coeff_vector_ids": [ 5, 12, 7, 0 ]
    },
    {
      "node_ids": [ 21, 22, 23, 24 ],
      "coeff_vector_ids": [ 5, 12, 7, 0 ]
    },
    {
      "node_ids": [ 22, 23, 24, 25 ],
      "coeff_vector_ids": [ 5, 12, 7, 0 ]
    },
    {
      "node_ids": [ 23, 24, 25, 26 ],
      "coeff_vector_ids": [ 5, 12, 7, 0 ]
    },
    {
      "node_ids": [ 24, 25, 26, 27 ],
      "coeff_vector_ids": [ 5, 12, 7, 0 ]
    },
    {
      "node_ids": [ 25, 26, 27, 28 ],
      "coeff_vector_ids": [ 5, 12, 7, 0 ]
    },
    {
      "node_ids": [ 26, 27, 28, 29 ],
      "coeff_vector_ids": [ 5, 12, 7, 0 ]
    },
    {
      "node_ids": [ 27, 28, 29, 30 ],
      "coeff_vector_ids": [ 5, 12, 7, 0 ]
    },
    {
      "node_ids": [ 28, 29, 30, 31 ],
      "coeff_vector_ids": [ 5, 12, 7, 0 ]
    },
    {
      "node_ids": [ 29, 30, 31, 32 ],
      "coeff_vector_ids": [ 5, 12, 7, 0 ]
    },
    {
      "node_ids": [ 30, 31, 32, 33 ],