{
  "patch_id": 0,
  "dim": 1,
  "num_nodes": 69,
  "num_elems": 64,
  "is_rational": false,
  "nodes": [
    [ -3.14159, 0, 0, 1 ], 
    [ -3.12196, 0, 0, 1 ], 
    [ -3.08269, 0, 0, 1 ], 
    [ -3.02378, 0, 0, 1 ], 
    [ -2.94524, 0, 0, 1 ], 
    [ -2.84707, 0, 0, 1 ], 
    [ -2.74889, 0, 0, 1 ], 
    [ -2.65072, 0, 0, 1 ], 
    [ -2.55254, 0, 0, 1 ], 
    [ -2.45437, 0, 0, 1 ], 
    [ -2.35619, 0, 0, 1 ], 
    [ -2.25802, 0, 0, 1 ], 
    [ -2.15984, 0, 0, 1 ], 
    [ -2.06167, 0, 0, 1 ], 
    [ -1.9635, 0, 0, 1 ], 
    [ -1.86532, 0, 0, 1 ], 
    [ -1.76715, 0, 0, 1 ], 
    [ -1.66897, 0, 0, 1 ], 
    [ -1.5708, 0, 0, 1 ], 
    [ -1.47262, 0, 0, 1 ], 
    [ -1.37445, 0, 0, 1 ], 
    [ -1.27627, 0, 0, 1 ], 
    [ -1.1781, 0, 0, 1 ], 
    [ -1.07992, 0, 0, 1 ], 
    [ -0.981748, 0, 0, 1 ], 
    [ -0.883573, 0, 0, 1 ], 
    [ -0.785398, 0, 0, 1 ], 
    [ -0.687223, 0, 0, 1 ], 
    [ -0.589049, 0, 0, 1 ], 
    [ -0.490874, 0, 0, 1 ], 
    [ -0.392699, 0, 0, 1 ], 
    [ -0.294524, 0, 0, 1 ], 
    [ -0.19635, 0, 0, 1 ], 
    [ -0.0981748, 0, 0, 1 ], 
    [ 1.34115e-13, 0, 0, 1 ], 
    [ 0.0981748, 0, 0, 1 ], 
    [ 0.19635, 0, 0, 1 ], 
    [ 0.294524, 0, 0, 1 ], 
    [ 0.392699, 0, 0, 1 ], 
    [ 0.490874, 0, 0, 1 ], 
    [ 0.589049, 0, 0, 1 ], 
    [ 0.687223, 0, 0, 1 ], 
    [ 0.785398, 0, 0, 1 ], 
    [ 0.883573, 0, 0, 1 ], 
    [ 0.981748, 0, 0, 1 ], 
    [ 1.07992, 0, 0, 1 ], 
    [ 1.1781, 0, 0, 1 ], 
    [ 1.27627, 0, 0, 1 ], 
    [ 1.37445, 0, 0, 1 ], 
    [ 1.47262, 0, 0, 1 ], 
    [ 1.5708, 0, 0, 1 ], 
    [ 1.66897, 0, 0, 1 ], 
    [ 1.76715, 0, 0, 1 ], 
    [ 1.86532, 0, 0, 1 ], 
    [ 1.9635, 0, 0, 1 ], 
    [ 2.06167, 0, 0, 1 ], 
    [ 2.15984, 0, 0, 1 ], 
    [ 2.25802, 0, 0, 1 ], 
    [ 2.35619, 0, 0, 1 ], 
    [ 2.45437, 0, 0, 1 ], 
    [ 2.55254, 0, 0, 1 ], 
    [ 2.65072, 0, 0, 1 ], 
    [ 2.74889, 0, 0, 1 ], 
    [ 2.84707, 0, 0, 1 ], 
    [ 2.94524, 0, 0, 1 ], 
    [ 3.02378, 0, 0, 1 ], 
    [ 3.08269, 0, 0, 1 ], 
    [ 3.12196, 0, 0, 1 ], 
    [ 3.14159, 0, 0, 1 ]
  ],
  "elements": {
    "num_elem_blocks": 1,
    "element_block_info": [ {
      "element_type": "Cube",
      "num_elems": 64,
      "num_nodes": 6,
      "num_coefficient_vectors": 6,
      "deg_s": 5,
      "deg_t": -1,
      "deg_u": -1
    } ],
    "element_blocks": [ {
      "node_ids": [ 48, 49, 50, 51, 52, 53 ],
      "coeff_vector_ids": [ 9, 22, 32, 23, 11, 0 ]
    },
    {
      "node_ids": [ 33, 34, 35, 36, 37, 38 ],
      "coeff_vector_ids": [ 9, 22, 32, 23, 11, 0 ]
    },
    {
      "node_ids": [ 34, 35, 36, 37, 38, 39 ],
      "coeff_vector_ids": [ 9, 22, 32, 23, 11, 0 ]
    },
    {
      "node_ids": [ 35, 36, 37, 38, 39, 40 ],
      "coeff_vector_ids": [ 9, 22, 32, 23, 11, 0 ]
    },
    {
      "node_ids": [ 36, 37, 38, 39, 40, 41 ],
      "coeff_vector_ids": [ 9, 22, 32, 23, 11, 0 ]
    },
    {
      "node_ids": [ 37, 38, 39, 40, 41, 42 ],
      "coeff_vector_ids": [ 9, 22, 32, 23, 11, 0 ]
    },
    {
      "node_ids": [ 38, 39, 40, 41, 42, 43 ],
      "coeff_vector_ids": [ 9, 22, 32, 23, 11, 0 ]
    },
    {
      "node_ids": [ 39, 40, 41, 42, 43, 44 ],
      "coeff_vector_ids": [ 9, 22, 32, 23, 11, 0 ]
    },
    {
      "node_ids": [ 40, 41, 42, 43, 44, 45 ],
      "coeff_vector_ids": [ 9, 22, 32, 23, 11, 0 ]
    },
    {
      "node_ids": [ 41, 42, 43, 44, 45, 46 ],
      "coeff_vector_ids": [ 9, 22, 32, 23, 11, 0 ]
    },
    {
      "node_ids": [ 42, 43, 44, 45, 46, 47 ],
      "coeff_vector_ids": [ 9, 22, 32, 23, 11, 0 ]
    },
    {
      "node_ids": [ 43, 44, 45, 46, 47, 48 ],
      "coeff_vector_ids": [ 9, 22, 32, 23, 11, 0 ]
    },
    {
      "node_ids": [ 44, 45, 46, 47, 48, 49 ],
      "coeff_vector_ids": [ 9, 22, 32, 23, 11, 0 ]
    },
    {
      "node_ids": [ 45, 46, 47, 48, 49, 50 ],
      "coeff_vector_ids": [ 9, 22, 32, 23, 11, 0 ]
    },
    {
      "node_ids": [ 46, 47, 48, 49, 50, 51 ],
      "coeff_vector_ids": [ 9, 22, 32, 23, 11, 0 ]
    },
    {
      "node_ids": [ 47, 48, 49, 50, 51, 52 ],
      "coeff_vector_ids": [ 9, 22, 32, 23, 11, 0 ]
    },
    {
      "node_ids": [ 32, 33, 34, 35, 36, 37 ],
      "coeff_vector_ids": [ 9, 22, 32, 23, 11, 0 ]
    },
    {
      "node_ids": [ 49, 50, 51, 52, 53, 54 ],
      "coeff_vector_ids": [ 9, 22, 32, 23, 11, 0 ]
    },
    {
      "node_ids": [ 50, 51, 52, 53, 54, 55 ],
      "coeff_vector_ids": [ 9, 22, 32, 23, 11, 0 ]
    },
    {
      "node_ids": [ 51, 52, 53, 54, 55, 56 ],
      "coeff_vector_ids": [ 9, 22, 32, 23, 11, 0 ]
    },
    {
      "node_ids": [ 52, 53, 54, 55, 56, 57 ],
      "coeff_vector_ids": [ 9, 22, 32, 23, 11, 0 ]
    },
    {
      "node_ids": [ 53, 54, 55, 56, 57, 58 ],
      "coeff_vector_ids": [ 9, 22, 32, 23, 11, 0 ]
    },
    {
      "node_ids": [ 54, 55, 56, 57, 58, 59 ],
      "coeff_vector_ids": [ 9, 22, 32, 23, 11, 0 ]
    },
    {
      "node_ids": [ 55, 56, 57, 58, 59, 60 ],
      "coeff_vector_ids": [ 9, 22, 32, 23, 11, 0 ]
    },
    {
      "node_ids": [ 56, 57, 58, 59, 60, 61 ],
      "coeff_vector_ids": [ 9, 22, 32, 23, 11, 0 ]
    },
    {
      "node_ids": [ 57, 58, 59, 60, 61, 62 ],
      "coeff_vector_ids": [ 9, 22, 32, 23, 11, 0 ]
    },
    {
      "node_ids": [ 58, 59, 60, 61, 62, 63 ],
      "coeff_vector_ids": [ 9, 22, 32, 23, 11, 0 ]
    },
    {
      "node_ids": [ 59, 60, 61, 62, 63, 64 ],
      "coeff_vector_ids": [ 9, 22, 32, 23, 11, 0 ]
    },
    {
      "node_ids": [ 60, 61, 62, 63, 64, 65 ],
      "coeff_vector_ids": [ 9, 22, 32, 23, 10, 1 ]
    },
    {
      "node_ids": [ 61, 62, 63, 64, 65, 66 ],
      "coeff_vector_ids": [ 9, 22, 32, 21, 13, 2 ]
    },
    {
      "node_ids": [ 62, 63, 64, 65, 66, 67 ],
      "coeff_vector_ids": [ 9, 22, 30, 25, 15, 3 ]
    },
    {
      "node_ids": [ 63, 64, 65, 66, 67, 68 ],
      "coeff_vector_ids": [ 9, 18, 28, 27, 17, 4 ]
    },
    {
      "node_ids": [ 16, 17, 18, 19, 20, 21 ],
      "coeff_vector_ids": [ 9, 22, 32, 23, 11, 0 ]
    },
    {
      "node_ids": [ 1, 2, 3, 4, 5, 6 ],
      "coeff_vector_ids": [ 16, 26, 29, 19, 11, 0 ]
    },
    {
      "node_ids": [ 2, 3, 4, 5, 6, 7 ],
      "coeff_vector_ids": [ 14, 24, 31, 23, 11, 0 ]
    },
    {
      "node_ids": [ 3, 4, 5, 6, 7, 8 ],
      "coeff_vector_ids": [ 12, 20, 32, 23, 11, 0 ]
    },
    {
      "node_ids": [ 4, 5, 6, 7, 8, 9 ],
      "coeff_vector_ids": [ 9, 22, 32, 23, 11, 0 ]
    },
    {
      "node_ids": [ 5, 6, 7, 8, 9, 10 ],
      "coeff_vector_ids": [ 9, 22, 32, 23, 11, 0 ]
    },
    {
      "node_ids": [ 6, 7, 8, 9, 10, 11 ],
      "coeff_vector_ids": [ 9, 22, 32, 23, 11, 0 ]
    },
    {
      "node_ids": [ 7, 8, 9, 10, 11, 12 ],
      "coeff_vector_ids": [ 9, 22, 32, 23, 11, 0 ]
    },
    {
      "node_ids": [ 8, 9, 10, 11, 12, 13 ],
      "coeff_vector_ids": [ 9, 22, 32, 23, 11, 0 ]
    },
    {
      "node_ids": [ 9, 10, 11, 12, 13, 14 ],
      "coeff_vector_ids": [ 9, 22, 32, 23, 11, 0 ]
    },
    {
      "node_ids": [ 10, 11, 12, 13, 14, 15 ],
      "coeff_vector_ids": [ 9, 22, 32, 23, 11, 0 ]
    },
    {
      "node_ids": [ 11, 12, 13, 14, 15, 16 ],
      "coeff_vector_ids": [ 9, 22, 32, 23, 11, 0 ]
    },
    {
      "node_ids": [ 12, 13, 14, 15, 16, 17 ],
      "coeff_vector_ids": [ 9, 22, 32, 23, 11, 0 ]
    },
    {
      "node_ids": [ 13, 14, 15, 16, 17, 18 ],
      "coeff_vector_ids": [ 9, 22, 32, 23, 11, 0 ]
    },
    {
      "node_ids": [ 14, 15, 16, 17, 18, 19 ],
      "coeff_vector_ids": [ 9, 22, 32, 23, 11, 0 ]
    },
    {
      "node_ids": [ 15, 16, 17, 18, 19, 20 ],
      "coeff_vector_ids": [ 9, 22, 32, 23, 11, 0 ]
    },
    {
      "node_ids": [ 0, 1, 2, 3, 4, 5 ],
      "coeff_vector_ids": [ 33, 8, 7, 6, 5, 0 ]
    },
    {
      "node_ids": [ 17, 18, 19, 20, 21, 22 ],
      "coeff_vector_ids": [ 9, 22, 32, 23, 11, 0 ]
    },
    {
      "node_ids": [ 18, 19, 20, 21, 22, 23 ],
      "coeff_vector_ids": [ 9, 22, 32, 23, 11, 0 ]
    },
    {
      "node_ids": [ 19, 20, 21, 22, 23, 24 ],