{
  "patch_id": 0,
  "dim": 1,
  "num_nodes": 68,
  "num_elems": 64,
  "is_rational": false,
  "nodes": [
    [ -1.63494e-17, 0, 0, 1 ], 
    [ 0.0122718, 0, 0, 1 ], 
    [ 0.0368155, 0, 0, 1 ], 
    [ 0.0736311, 0, 0, 1 ], 
    [ 0.122718, 0, 0, 1 ], 
    [ 0.171806, 0, 0, 1 ], 
    [ 0.220893, 0, 0, 1 ], 
    [ 0.269981, 0, 0, 1 ], 
    [ 0.319068, 0, 0, 1 ], 
    [ 0.368155, 0, 0, 1 ], 
    [ 0.417243, 0, 0, 1 ], 
    [ 0.46633, 0, 0, 1 ], 
    [ 0.515418, 0, 0, 1 ], 
    [ 0.564505, 0, 0, 1 ], 
    [ 0.613592, 0, 0, 1 ], 
    [ 0.66268, 0, 0, 1 ], 
    [ 0.711767, 0, 0, 1 ], 
    [ 0.760854, 0, 0, 1 ], 
    [ 0.809942, 0, 0, 1 ], 
    [ 0.859029, 0, 0, 1 ], 
    [ 0.908117, 0, 0, 1 ], 
    [ 0.957204, 0, 0, 1 ], 
    [ 1.00629, 0, 0, 1 ], 
    [ 1.05538, 0, 0, 1 ], 
    [ 1.10447, 0, 0, 1 ], 
    [ 1.15355, 0, 0, 1 ], 
    [ 1.20264, 0, 0, 1 ], 
    [ 1.25173, 0, 0, 1 ], 
    [ 1.30082, 0, 0, 1 ], 
    [ 1.3499, 0, 0, 1 ], 
    [ 1.39899, 0, 0, 1 ], 
    [ 1.44808, 0, 0, 1 ], 
    [ 1.49717, 0, 0, 1 ], 
    [ 1.54625, 0, 0, 1 ], 
    [ 1.59534, 0, 0, 1 ], 
    [ 1.64443, 0, 0, 1 ], 
    [ 1.69351, 0, 0, 1 ], 
    [ 1.7426, 0, 0, 1 ], 
    [ 1.79169, 0, 0, 1 ], 
    [ 1.84078, 0, 0, 1 ], 
    [ 1.88986, 0, 0, 1 ], 
    [ 1.93895, 0, 0, 1 ], 
    [ 1.98804, 0, 0, 1 ], 
    [ 2.03713, 0, 0, 1 ], 
    [ 2.08621, 0, 0, 1 ], 
    [ 2.1353, 0, 0, 1 ], 
    [ 2.18439, 0, 0, 1 ], 
    [ 2.23348, 0, 0, 1 ], 
    [ 2.28256, 0, 0, 1 ], 
    [ 2.33165, 0, 0, 1 ], 
    [ 2.38074, 0, 0, 1 ], 
    [ 2.42983, 0, 0, 1 ], 
    [ 2.47891, 0, 0, 1 ], 
    [ 2.528, 0, 0, 1 ], 
    [ 2.57709, 0, 0, 1 ], 
    [ 2.62618, 0, 0, 1 ], 
    [ 2.67526, 0, 0, 1 ], 
    [ 2.72435, 0, 0, 1 ], 
    [ 2.77344, 0, 0, 1 ], 
    [ 2.82252, 0, 0, 1 ], 
    [ 2.87161, 0, 0, 1 ], 
    [ 2.9207, 0, 0, 1 ], 
    [ 2.96979, 0, 0, 1 ], 
    [ 3.01887, 0, 0, 1 ], 
    [ 3.06796, 0, 0, 1 ], 
    [ 3.10478, 0, 0, 1 ], 
    [ 3.12932, 0, 0, 1 ], 
    [ 3.14159, 0, 0, 1 ]
  ],
  "elements": {
    "num_elem_blocks": 1,
    "element_block_info": [ {
      "element_type": "Cube",
      "num_elems": 64,
      "num_nodes": 5,
      "num_coefficient_vectors": 5,
      "deg_s": 4,
      "deg_t": -1,
      "deg_u": -1
    } ],
    "element_blocks": [ {
      "node_ids": [ 48, 49, 50, 51, 52 ],
      "coeff_vector_ids": [ 7, 18, 19, 9, 0 ]
    },
    {
      "node_ids": [ 33, 34, 35, 36, 37 ],
      "coeff_vector_ids": [ 7, 18, 19, 9, 0 ]
    },
    {
      "node_ids": [ 34, 35, 36, 37, 38 ],
      "coeff_vector_ids": [ 7, 18, 19, 9, 0 ]
    },
    {
      "node_ids": [ 35, 36, 37, 38, 39 ],
      "coeff_vector_ids": [ 7, 18, 19, 9, 0 ]
    },
    {
      "node_ids": [ 36, 37, 38, 39, 40 ],
      "coeff_vector_ids": [ 7, 18, 19, 9, 0 ]
    },
    {
      "node_ids": [ 37, 38, 39, 40, 41 ],
      "coeff_vector_ids": [ 7, 18, 19, 9, 0 ]
    },
    {
      "node_ids": [ 38, 39, 40, 41, 42 ],
      "coeff_vector_ids": [ 7, 18, 19, 9, 0 ]
    },
    {
      "node_ids": [ 39, 40, 41, 42, 43 ],
      "coeff_vector_ids": [ 7, 18, 19, 9, 0 ]
    },
    {
      "node_ids": [ 40, 41, 42, 43, 44 ],
      "coeff_vector_ids": [ 7, 18, 19, 9, 0 ]
    },
    {
      "node_ids": [ 41, 42, 43, 44, 45 ],
      "coeff_vector_ids": [ 7, 18, 19, 9, 0 ]
    },
    {
      "node_ids": [ 42, 43, 44, 45, 46 ],
      "coeff_vector_ids": [ 7, 18, 19, 9, 0 ]
    },
    {
      "node_ids": [ 43, 44, 45, 46, 47 ],
      "coeff_vector_ids": [ 7, 18, 19, 9, 0 ]
    },
    {
      "node_ids": [ 44, 45, 46, 47, 48 ],
      "coeff_vector_ids": [ 7, 18, 19, 9, 0 ]
    },
    {
      "node_ids": [ 45, 46, 47, 48, 49 ],
      "coeff_vector_ids": [ 7, 18, 19, 9, 0 ]
    },
    {
      "node_ids": [ 46, 47, 48, 49, 50 ],
      "coeff_vector_ids": [ 7, 18, 19, 9, 0 ]
    },
    {
      "node_ids": [ 47, 48, 49, 50, 51 ],
      "coeff_vector_ids": [ 7, 18, 19, 9, 0 ]
    },
    {
      "node_ids": [ 32, 33, 34, 35, 36 ],
      "coeff_vector_ids": [ 7, 18, 19, 9, 0 ]
    },
    {
      "node_ids": [ 49, 50, 51, 52, 53 ],
      "coeff_vector_ids": [ 7, 18, 19, 9, 0 ]
    },
    {
      "node_ids": [ 50, 51, 52, 53, 54 ],
      "coeff_vector_ids": [ 7, 18, 19, 9, 0 ]
    },
    {
      "node_ids": [ 51, 52, 53, 54, 55 ],
      "coeff_vector_ids": [ 7, 18, 19, 9, 0 ]
    },
    {
      "node_ids": [ 52, 53, 54, 55, 56 ],
      "coeff_vector_ids": [ 7, 18, 19, 9, 0 ]
    },
    {
      "node_ids": [ 53, 54, 55, 56, 57 ],
      "coeff_vector_ids": [ 7, 18, 19, 9, 0 ]
    },
    {
      "node_ids": [ 54, 55, 56, 57, 58 ],
      "coeff_vector_ids": [ 7, 18, 19, 9, 0 ]
    },
    {
      "node_ids": [ 55, 56, 57, 58, 59 ],
      "coeff_vector_ids": [ 7, 18, 19, 9, 0 ]
    },
    {
      "node_ids": [ 56, 57, 58, 59, 60 ],
      "coeff_vector_ids": [ 7, 18, 19, 9, 0 ]
    },
    {
      "node_ids": [ 57, 58, 59, 60, 61 ],
      "coeff_vector_ids": [ 7, 18, 19, 9, 0 ]
    },
    {
      "node_ids": [ 58, 59, 60, 61, 62 ],
      "coeff_vector_ids": [ 7, 18, 19, 9, 0 ]
    },
    {
      "node_ids": [ 59, 60, 61, 62, 63 ],
      "coeff_vector_ids": [ 7, 18, 19, 9, 0 ]
    },
    {
      "node_ids": [ 60, 61, 62, 63, 64 ],
      "coeff_vector_ids": [ 7, 18, 19, 9, 0 ]
    },
    {
      "node_ids": [ 61, 62, 63, 64, 65 ],
      "coeff_vector_ids": [ 7, 18, 19, 8, 1 ]
    },
    {
      "node_ids": [ 62, 63, 64, 65, 66 ],
      "coeff_vector_ids": [ 7, 18, 17, 11, 2 ]
    },
    {
      "node_ids": [ 63, 64, 65, 66, 67 ],
      "coeff_vector_ids": [ 7, 14, 21, 13, 3 ]
    },
    {
      "node_ids": [ 16, 17, 18, 19, 20 ],
      "coeff_vector_ids": [ 7, 18, 19, 9, 0 ]
    },
    {
      "node_ids": [ 1, 2, 3, 4, 5 ],
      "coeff_vector_ids": [ 12, 20, 15, 9, 0 ]
    },
    {
      "node_ids": [ 2, 3, 4, 5, 6 ],
      "coeff_vector_ids": [ 10, 16, 19, 9, 0 ]
    },
    {
      "node_ids": [ 3, 4, 5, 6, 7 ],
      "coeff_vector_ids": [ 7, 18, 19, 9, 0 ]
    },
    {
      "node_ids": [ 4, 5, 6, 7, 8 ],
      "coeff_vector_ids": [ 7, 18, 19, 9, 0 ]
    },
    {
      "node_ids": [ 5, 6, 7, 8, 9 ],
      "coeff_vector_ids": [ 7, 18, 19, 9, 0 ]
    },
    {
      "node_ids": [ 6, 7, 8, 9, 10 ],
      "coeff_vector_ids": [ 7, 18, 19, 9, 0 ]
    },
    {
      "node_ids": [ 7, 8, 9, 10, 11 ],
      "coeff_vector_ids": [ 7, 18, 19, 9, 0 ]
    },
    {
      "node_ids": [ 8, 9, 10, 11, 12 ],
      "coeff_vector_ids": [ 7, 18, 19, 9, 0 ]
    },
    {
      "node_ids": [ 9, 10, 11, 12, 13 ],
      "coeff_vector_ids": [ 7, 18, 19, 9, 0 ]
    },
    {
      "node_ids": [ 10, 11, 12, 13, 14 ],
      "coeff_vector_ids": [ 7, 18, 19, 9, 0 ]
    },
    {
      "node_ids": [ 11, 12, 13, 14, 15 ],
      "coeff_vector_ids": [ 7, 18, 19, 9, 0 ]
    },
    {
      "node_ids": [ 12, 13, 14, 15, 16 ],
      "coeff_vector_ids": [ 7, 18, 19, 9, 0 ]
    },
    {
      "node_ids": [ 13, 14, 15, 16, 17 ],
      "coeff_vector_ids": [ 7, 18, 19, 9, 0 ]
    },
    {
      "node_ids": [ 14, 15, 16, 17, 18 ],
      "coeff_vector_ids": [ 7, 18, 19, 9, 0 ]
    },
    {
      "node_ids": [ 15, 16, 17, 18, 19 ],
      "coeff_vector_ids": [ 7, 18, 19, 9, 0 ]
    },
    {
      "node_ids": [ 0, 1, 2, 3, 4 ],
      "coeff_vector_ids": [ 22, 6, 5, 4, 0 ]
    },
    {
      "node_ids": [ 17, 18, 19, 20, 21 ],
      "coeff_vector_ids": [ 7, 18, 19, 9, 0 ]
    },
    {
      "node_ids": [ 18, 19, 20, 21, 22 ],
      "coeff_vector_ids": [ 7, 18, 19, 9, 0 ]
    },
    {
      "node_ids": [ 19, 20, 21, 22, 23 ],
      "coeff_vector_ids": [ 7, 18, 19, 9, 0 ]
    },
    {
      "node_ids": [ 20, 21, 22, 23, 24 ],
      "coeff_vector_ids": [ 7, 18, 19, 9, 0 ]
    },
    {
      "node_ids": [ 21, 22, 23, 24, 25 ],
      "coeff_vector_ids": [ 7, 18, 19, 9, 0 ]
    },
    {
      "node_ids": [ 22, 23, 24, 25, 26 ],
      "coeff_vector_ids": [ 7, 18, 19, 9, 0 ]
    },
    {
      "node_ids": [ 23, 24, 25, 26, 27 ],
      "coeff_vector_ids": [ 7, 18, 19, 9, 0 ]
    },
    {
      "node_ids": [ 24, 25, 26, 27, 28 ],
      "coeff_vector_ids": [ 7, 18, 19, 9, 0 ]
    },
    {
      "node_ids": [ 25, 26, 27, 28, 29 ],