{
  "patch_id": 0,
  "dim": 1,
  "num_nodes": 70,
  "num_elems": 64,
  "is_rational": false,
  "nodes": [
    [ 1.13764e-16, 0, 0, 1 ], 
    [ 0.00818123, 0, 0, 1 ], 
    [ 0.0245437, 0, 0, 1 ], 
    [ 0.0490874, 0, 0, 1 ], 
    [ 0.0818123, 0, 0, 1 ], 
    [ 0.122718, 0, 0, 1 ], 
    [ 0.171806, 0, 0, 1 ], 
    [ 0.220893, 0, 0, 1 ], 
    [ 0.269981, 0, 0, 1 ], 
    [ 0.319068, 0, 0, 1 ], 
    [ 0.368155, 0, 0, 1 ], 
    [ 0.417243, 0, 0, 1 ], 
    [ 0.46633, 0, 0, 1 ], 
    [ 0.515418, 0, 0, 1 ], 
    [ 0.564505, 0, 0, 1 ], 
    [ 0.613592, 0, 0, 1 ], 
    [ 0.66268, 0, 0, 1 ], 
    [ 0.711767, 0, 0, 1 ], 
    [ 0.760854, 0, 0, 1 ], 
    [ 0.809942, 0, 0, 1 ], 
    [ 0.859029, 0, 0, 1 ], 
    [ 0.908117, 0, 0, 1 ], 
    [ 0.957204, 0, 0, 1 ], 
    [ 1.00629, 0, 0, 1 ], 
    [ 1.05538, 0, 0, 1 ], 
    [ 1.10447, 0, 0, 1 ], 
    [ 1.15355, 0, 0, 1 ], 
    [ 1.20264, 0, 0, 1 ], 
    [ 1.25173, 0, 0, 1 ], 
    [ 1.30082, 0, 0, 1 ], 
    [ 1.3499, 0, 0, 1 ], 
    [ 1.39899, 0, 0, 1 ], 
    [ 1.44808, 0, 0, 1 ], 
    [ 1.49717, 0, 0, 1 ], 
    [ 1.54625, 0, 0, 1 ], 
    [ 1.59534, 0, 0, 1 ], 
    [ 1.64443, 0, 0, 1 ], 
    [ 1.69351, 0, 0, 1 ], 
    [ 1.7426, 0, 0, 1 ], 
    [ 1.79169, 0, 0, 1 ], 
    [ 1.84078, 0, 0, 1 ], 
    [ 1.88986, 0, 0, 1 ], 
    [ 1.93895, 0, 0, 1 ], 
    [ 1.98804, 0, 0, 1 ], 
    [ 2.03713, 0, 0, 1 ], 
    [ 2.08621, 0, 0, 1 ], 
    [ 2.1353, 0, 0, 1 ], 
    [ 2.18439, 0, 0, 1 ], 
    [ 2.23348, 0, 0, 1 ], 
    [ 2.28256, 0, 0, 1 ], 
    [ 2.33165, 0, 0, 1 ], 
    [ 2.38074, 0, 0, 1 ], 
    [ 2.42983, 0, 0, 1 ], 
    [ 2.47891, 0, 0, 1 ], 
    [ 2.528, 0, 0, 1 ], 
    [ 2.57709, 0, 0, 1 ], 
    [ 2.62618, 0, 0, 1 ], 
    [ 2.67526, 0, 0, 1 ], 
    [ 2.72435, 0, 0, 1 ], 
    [ 2.77344, 0, 0, 1 ], 
    [ 2.82252, 0, 0, 1 ], 
    [ 2.87161, 0, 0, 1 ], 
    [ 2.9207, 0, 0, 1 ], 
    [ 2.96979, 0, 0, 1 ], 
    [ 3.01887, 0, 0, 1 ], 
    [ 3.05978, 0, 0, 1 ], 
    [ 3.09251, 0, 0, 1 ], 
    [ 3.11705, 0, 0, 1 ], 
    [ 3.13341, 0, 0, 1 ], 
    [ 3.14159, 0, 0, 1 ]
  ],
  "elements": {
    "num_elem_blocks": 1,
    "element_block_info": [ {
      "element_type": "Cube",
      "num_elems": 64,
      "num_nodes": 7,
      "num_coefficient_vectors": 7,
      "deg_s": 6,
      "deg_t": -1,
      "deg_u": -1
    } ],
    "element_blocks": [ {
      "node_ids": [ 48, 49, 50, 51, 52, 53, 54 ],
      "coeff_vector_ids": [ 11, 26, 40, 41, 27, 13, 0 ]
    },
    {
      "node_ids": [ 33, 34, 35, 36, 37, 38, 39 ],
      "coeff_vector_ids": [ 11, 26, 40, 41, 27, 13, 0 ]
    },
    {
      "node_ids": [ 34, 35, 36, 37, 38, 39, 40 ],
      "coeff_vector_ids": [ 11, 26, 40, 41, 27, 13, 0 ]
    },
    {
      "node_ids": [ 35, 36, 37, 38, 39, 40, 41 ],
      "coeff_vector_ids": [ 11, 26, 40, 41, 27, 13, 0 ]
    },
    {
      "node_ids": [ 36, 37, 38, 39, 40, 41, 42 ],
      "coeff_vector_ids": [ 11, 26, 40, 41, 27, 13, 0 ]
    },
    {
      "node_ids": [ 37, 38, 39, 40, 41, 42, 43 ],
      "coeff_vector_ids": [ 11, 26, 40, 41, 27, 13, 0 ]
    },
    {
      "node_ids": [ 38, 39, 40, 41, 42, 43, 44 ],
      "coeff_vector_ids": [ 11, 26, 40, 41, 27, 13, 0 ]
    },
    {
      "node_ids": [ 39, 40, 41, 42, 43, 44, 45 ],
      "coeff_vector_ids": [ 11, 26, 40, 41, 27, 13, 0 ]
    },
    {
      "node_ids": [ 40, 41, 42, 43, 44, 45, 46 ],
      "coeff_vector_ids": [ 11, 26, 40, 41, 27, 13, 0 ]
    },
    {
      "node_ids": [ 41, 42, 43, 44, 45, 46, 47 ],
      "coeff_vector_ids": [ 11, 26, 40, 41, 27, 13, 0 ]
    },
    {
      "node_ids": [ 42, 43, 44, 45, 46, 47, 48 ],
      "coeff_vector_ids": [ 11, 26, 40, 41, 27, 13, 0 ]
    },
    {
      "node_ids": [ 43, 44, 45, 46, 47, 48, 49 ],
      "coeff_vector_ids": [ 11, 26, 40, 41, 27, 13, 0 ]
    },
    {
      "node_ids": [ 44, 45, 46, 47, 48, 49, 50 ],
      "coeff_vector_ids": [ 11, 26, 40, 41, 27, 13, 0 ]
    },
    {
      "node_ids": [ 45, 46, 47, 48, 49, 50, 51 ],
      "coeff_vector_ids": [ 11, 26, 40, 41, 27, 13, 0 ]
    },
    {
      "node_ids": [ 46, 47, 48, 49, 50, 51, 52 ],
      "coeff_vector_ids": [ 11, 26, 40, 41, 27, 13, 0 ]
    },
    {
      "node_ids": [ 47, 48, 49, 50, 51, 52, 53 ],
      "coeff_vector_ids": [ 11, 26, 40, 41, 27, 13, 0 ]
    },
    {
      "node_ids": [ 32, 33, 34, 35, 36, 37, 38 ],
      "coeff_vector_ids": [ 11, 26, 40, 41, 27, 13, 0 ]
    },
    {
      "node_ids": [ 49, 50, 51, 52, 53, 54, 55 ],
      "coeff_vector_ids": [ 11, 26, 40, 41, 27, 13, 0 ]
    },
    {
      "node_ids": [ 50, 51, 52, 53, 54, 55, 56 ],
      "coeff_vector_ids": [ 11, 26, 40, 41, 27, 13, 0 ]
    },
    {
      "node_ids": [ 51, 52, 53, 54, 55, 56, 57 ],
      "coeff_vector_ids": [ 11, 26, 40, 41, 27, 13, 0 ]
    },
    {
      "node_ids": [ 52, 53, 54, 55, 56, 57, 58 ],
      "coeff_vector_ids": [ 11, 26, 40, 41, 27, 13, 0 ]
    },
    {
      "node_ids": [ 53, 54, 55, 56, 57, 58, 59 ],
      "coeff_vector_ids": [ 11, 26, 40, 41, 27, 13, 0 ]
    },
    {
      "node_ids": [ 54, 55, 56, 57, 58, 59, 60 ],
      "coeff_vector_ids": [ 11, 26, 40, 41, 27, 13, 0 ]
    },
    {
      "node_ids": [ 55, 56, 57, 58, 59, 60, 61 ],
      "coeff_vector_ids": [ 11, 26, 40, 41, 27, 13, 0 ]
    },
    {
      "node_ids": [ 56, 57, 58, 59, 60, 61, 62 ],
      "coeff_vector_ids": [ 11, 26, 40, 41, 27, 13, 0 ]
    },
    {
      "node_ids": [ 57, 58, 59, 60, 61, 62, 63 ],
      "coeff_vector_ids": [ 11, 26, 40, 41, 27, 13, 0 ]
    },
    {
      "node_ids": [ 58, 59, 60, 61, 62, 63, 64 ],
      "coeff_vector_ids": [ 11, 26, 40, 41, 27, 13, 0 ]
    },
    {
      "node_ids": [ 59, 60, 61, 62, 63, 64, 65 ],
      "coeff_vector_ids": [ 11, 26, 40, 41, 27, 12, 1 ]
    },
    {
      "node_ids": [ 60, 61, 62, 63, 64, 65, 66 ],
      "coeff_vector_ids": [ 11, 26, 40, 41, 25, 15, 2 ]
    },
    {
      "node_ids": [ 61, 62, 63, 64, 65, 66, 67 ],
      "coeff_vector_ids": [ 11, 26, 40, 39, 29, 17, 3 ]
    },
    {
      "node_ids": [ 62, 63, 64, 65, 66, 67, 68 ],
      "coeff_vector_ids": [ 11, 26, 36, 43, 31, 19, 4 ]
    },
    {
      "node_ids": [ 63, 64, 65, 66, 67, 68, 69 ],
      "coeff_vector_ids": [ 11, 20, 32, 44, 35, 23, 5 ]
    },
    {
      "node_ids": [ 16, 17, 18, 19, 20, 21, 22 ],
      "coeff_vector_ids": [ 11, 26, 40, 41, 27, 13, 0 ]
    },
    {
      "node_ids": [ 1, 2, 3, 4, 5, 6, 7 ],
      "coeff_vector_ids": [ 22, 34, 45, 33, 21, 13, 0 ]
    },
    {
      "node_ids": [ 2, 3, 4, 5, 6, 7, 8 ],
      "coeff_vector_ids": [ 18, 30, 42, 37, 27, 13, 0 ]
    },
    {
      "node_ids": [ 3, 4, 5, 6, 7, 8, 9 ],
      "coeff_vector_ids": [ 16, 28, 38, 41, 27, 13, 0 ]
    },
    {
      "node_ids": [ 4, 5, 6, 7, 8, 9, 10 ],
      "coeff_vector_ids": [ 14, 24, 40, 41, 27, 13, 0 ]
    },
    {
      "node_ids": [ 5, 6, 7, 8, 9, 10, 11 ],
      "coeff_vector_ids": [ 11, 26, 40, 41, 27, 13, 0 ]
    },
    {
      "node_ids": [ 6, 7, 8, 9, 10, 11, 12 ],
      "coeff_vector_ids": [ 11, 26, 40, 41, 27, 13, 0 ]
    },
    {
      "node_ids": [ 7, 8, 9, 10, 11, 12, 13 ],
      "coeff_vector_ids": [ 11, 26, 40, 41, 27, 13, 0 ]
    },
    {
      "node_ids": [ 8, 9, 10, 11, 12, 13, 14 ],
      "coeff_vector_ids": [ 11, 26, 40, 41, 27, 13, 0 ]
    },
    {
      "node_ids": [ 9, 10, 11, 12, 13, 14, 15 ],
      "coeff_vector_ids": [ 11, 26, 40, 41, 27, 13, 0 ]
    },
    {
      "node_ids": [ 10, 11, 12, 13, 14, 15, 16 ],
      "coeff_vector_ids": [ 11, 26, 40, 41, 27, 13, 0 ]
    },
    {
      "node_ids": [ 11, 12, 13, 14, 15, 16, 17 ],
      "coeff_vector_ids": [ 11, 26, 40, 41, 27, 13, 0 ]
    },
    {
      "node_ids": [ 12, 13, 14, 15, 16, 17, 18 ],
      "coeff_vector_ids": [ 11, 26, 40, 41, 27, 13, 0 ]
    },
    {
      "node_ids": [ 13, 14, 15, 16, 17, 18, 19 ],
      "coeff_vector_ids": [ 11, 26, 40, 41, 27, 13, 0 ]
    },
    {
      "node_ids": [ 14, 15, 16, 17, 18, 19, 20 ],
      "coeff_vector_ids": [ 11, 26, 40, 41, 27, 13, 0 ]
    },
    {
      "node_ids": [ 15, 16, 17, 18, 19, 20, 21 ],